date,game_pk,away_score,away_team,home_team,home_score,win_team,lose_team,win_score,lose_score
2025-03-18,778563,4,Los Angeles Dodgers,Chicago Cubs,1,Los Angeles Dodgers,Chicago Cubs,4,1
2025-03-19,778564,6,Los Angeles Dodgers,Chicago Cubs,3,Los Angeles Dodgers,Chicago Cubs,6,3
2025-03-27,778557,2,Milwaukee Brewers,New York Yankees,4,New York Yankees,Milwaukee Brewers,4,2
2025-03-27,778556,12,Baltimore Orioles,Toronto Blue Jays,2,Baltimore Orioles,Toronto Blue Jays,12,2
2025-03-27,778553,5,Boston Red Sox,Texas Rangers,2,Boston Red Sox,Texas Rangers,5,2
2025-03-27,778555,7,Philadelphia Phillies,Washington Nationals,3,Philadelphia Phillies,Washington Nationals,7,3
2025-03-27,778558,7,Cleveland Guardians,Kansas City Royals,4,Cleveland Guardians,Kansas City Royals,7,4
2025-03-27,778559,1,New York Mets,Houston Astros,3,Houston Astros,New York Mets,3,1
2025-03-27,778561,6,San Francisco Giants,Cincinnati Reds,4,San Francisco Giants,Cincinnati Reds,6,4
2025-03-27,778545,4,Atlanta Braves,San Diego Padres,7,San Diego Padres,Atlanta Braves,7,4
2025-03-27,778554,1,Los Angeles Angels,Chicago White Sox,8,Chicago White Sox,Los Angeles Angels,8,1
2025-03-27,778562,4,Pittsburgh Pirates,Miami Marlins,5,Miami Marlins,Pittsburgh Pirates,5,4
2025-03-27,778551,3,Minnesota Twins,St. Louis Cardinals,5,St. Louis Cardinals,Minnesota Twins,5,3
2025-03-27,778546,4,Detroit Tigers,Los Angeles Dodgers,5,Los Angeles Dodgers,Detroit Tigers,5,4
2025-03-27,778552,10,Chicago Cubs,Arizona Diamondbacks,6,Chicago Cubs,Arizona Diamondbacks,10,6
2025-03-27,778547,2,Athletics,Seattle Mariners,4,Seattle Mariners,Athletics,4,2
2025-03-28,778560,2,Colorado Rockies,Tampa Bay Rays,3,Tampa Bay Rays,Colorado Rockies,3,2
2025-03-28,778549,2,Baltimore Orioles,Toronto Blue Jays,8,Toronto Blue Jays,Baltimore Orioles,8,2
2025-03-28,778548,4,Pittsburgh Pirates,Miami Marlins,3,Pittsburgh Pirates,Miami Marlins,4,3
2025-03-28,778550,1,Boston Red Sox,Texas Rangers,4,Texas Rangers,Boston Red Sox,4,1
2025-03-28,778518,3,New York Mets,Houston Astros,1,New York Mets,Houston Astros,3,1
2025-03-28,778543,1,Chicago Cubs,Arizona Diamondbacks,8,Arizona Diamondbacks,Chicago Cubs,8,1
2025-03-28,778541,7,Athletics,Seattle Mariners,0,Athletics,Seattle Mariners,7,0
2025-03-28,778542,3,Atlanta Braves,San Diego Padres,4,San Diego Padres,Atlanta Braves,4,3
2025-03-28,778544,5,Detroit Tigers,Los Angeles Dodgers,8,Los Angeles Dodgers,Detroit Tigers,8,5
2025-03-29,778538,9,Milwaukee Brewers,New York Yankees,20,New York Yankees,Milwaukee Brewers,20,9
2025-03-29,778534,1,Los Angeles Angels,Chicago White Sox,0,Los Angeles Angels,Chicago White Sox,1,0
2025-03-29,778528,1,Minnesota Twins,St. Louis Cardinals,5,St. Louis Cardinals,Minnesota Twins,5,1
2025-03-29,778536,9,Baltimore Orioles,Toronto Blue Jays,5,Baltimore Orioles,Toronto Blue Jays,9,5
2025-03-29,778535,11,Philadelphia Phillies,Washington Nationals,6,Philadelphia Phillies,Washington Nationals,11,6
2025-03-29,778529,3,Cleveland Guardians,Kansas City Royals,4,Kansas City Royals,Cleveland Guardians,4,3
2025-03-29,778540,2,San Francisco Giants,Cincinnati Reds,3,Cincinnati Reds,San Francisco Giants,3,2
2025-03-29,778537,2,Colorado Rockies,Tampa Bay Rays,1,Colorado Rockies,Tampa Bay Rays,2,1
2025-03-29,778539,4,Pittsburgh Pirates,Miami Marlins,5,Miami Marlins,Pittsburgh Pirates,5,4
2025-03-29,778531,3,Boston Red Sox,Texas Rangers,4,Texas Rangers,Boston Red Sox,4,3
2025-03-29,778530,1,New York Mets,Houston Astros,2,Houston Astros,New York Mets,2,1
2025-03-29,778520,0,Atlanta Braves,San Diego Padres,1,San Diego Padres,Atlanta Braves,1,0
2025-03-29,778532,4,Chicago Cubs,Arizona Diamondbacks,3,Chicago Cubs,Arizona Diamondbacks,4,3
2025-03-29,778533,3,Detroit Tigers,Los Angeles Dodgers,7,Los Angeles Dodgers,Detroit Tigers,7,3
2025-03-29,778521,4,Athletics,Seattle Mariners,2,Athletics,Seattle Mariners,4,2
2025-03-30,778526,1,Philadelphia Phillies,Washington Nationals,5,Washington Nationals,Philadelphia Phillies,5,1
2025-03-30,778523,3,Milwaukee Brewers,New York Yankees,12,New York Yankees,Milwaukee Brewers,12,3
2025-03-30,778525,1,Baltimore Orioles,Toronto Blue Jays,3,Toronto Blue Jays,Baltimore Orioles,3,1
2025-03-30,778522,6,San Francisco Giants,Cincinnati Reds,3,San Francisco Giants,Cincinnati Reds,6,3
2025-03-30,778524,4,Colorado Rockies,Tampa Bay Rays,6,Tampa Bay Rays,Colorado Rockies,6,4
2025-03-30,778519,2,Pittsburgh Pirates,Miami Marlins,3,Miami Marlins,Pittsburgh Pirates,3,2
2025-03-30,778510,6,Cleveland Guardians,Kansas City Royals,2,Cleveland Guardians,Kansas City Royals,6,2
2025-03-30,778527,3,Los Angeles Angels,Chicago White Sox,2,Los Angeles Angels,Chicago White Sox,3,2
2025-03-30,778517,2,Minnesota Twins,St. Louis Cardinals,9,St. Louis Cardinals,Minnesota Twins,9,2
2025-03-30,778516,2,Boston Red Sox,Texas Rangers,3,Texas Rangers,Boston Red Sox,3,2
2025-03-30,778515,6,Chicago Cubs,Arizona Diamondbacks,10,Arizona Diamondbacks,Chicago Cubs,10,6
2025-03-30,778513,1,Athletics,Seattle Mariners,2,Seattle Mariners,Athletics,2,1
2025-03-30,778514,0,Atlanta Braves,San Diego Padres,5,San Diego Padres,Atlanta Braves,5,0
2025-03-31,778506,0,Minnesota Twins,Chicago White Sox,9,Chicago White Sox,Minnesota Twins,9,0
2025-03-31,778504,11,Kansas City Royals,Milwaukee Brewers,1,Kansas City Royals,Milwaukee Brewers,11,1
2025-03-31,778512,5,Boston Red Sox,Baltimore Orioles,8,Baltimore Orioles,Boston Red Sox,8,5
2025-03-31,778502,1,Colorado Rockies,Philadelphia Phillies,6,Philadelphia Phillies,Colorado Rockies,6,1
2025-03-31,778511,3,Texas Rangers,Cincinnati Reds,14,Cincinnati Reds,Texas Rangers,14,3
2025-03-31,778509,10,New York Mets,Miami Marlins,4,New York Mets,Miami Marlins,10,4
2025-03-31,778508,1,Pittsburgh Pirates,Tampa Bay Rays,6,Tampa Bay Rays,Pittsburgh Pirates,6,1
2025-03-31,778507,2,Washington Nationals,Toronto Blue Jays,5,Toronto Blue Jays,Washington Nationals,5,2
2025-03-31,778503,5,Los Angeles Angels,St. Louis Cardinals,4,Los Angeles Angels,St. Louis Cardinals,5,4
2025-03-31,778505,7,San Francisco Giants,Houston Astros,2,San Francisco Giants,Houston Astros,7,2
2025-03-31,778499,2,Cleveland Guardians,San Diego Padres,7,San Diego Padres,Cleveland Guardians,7,2
2025-03-31,778496,9,Detroit Tigers,Seattle Mariners,6,Detroit Tigers,Seattle Mariners,9,6
2025-03-31,778501,18,Chicago Cubs,Athletics,3,Chicago Cubs,Athletics,18,3
2025-03-31,778500,1,Atlanta Braves,Los Angeles Dodgers,6,Los Angeles Dodgers,Atlanta Braves,6,1
2025-04-01,778498,1,Texas Rangers,Cincinnati Reds,0,Texas Rangers,Cincinnati Reds,1,0
2025-04-01,778497,2,New York Mets,Miami Marlins,4,Miami Marlins,New York Mets,4,2
2025-04-01,778493,0,Pittsburgh Pirates,Tampa Bay Rays,7,Tampa Bay Rays,Pittsburgh Pirates,7,0
2025-04-01,778492,7,Arizona Diamondbacks,New York Yankees,5,Arizona Diamondbacks,New York Yankees,7,5
2025-04-01,778491,3,Washington Nationals,Toronto Blue Jays,5,Toronto Blue Jays,Washington Nationals,5,3
2025-04-01,778490,8,Minnesota Twins,Chicago White Sox,3,Minnesota Twins,Chicago White Sox,8,3
2025-04-01,778488,0,Kansas City Royals,Milwaukee Brewers,5,Milwaukee Brewers,Kansas City Royals,5,0
2025-04-01,778495,9,Los Angeles Angels,St. Louis Cardinals,7,Los Angeles Angels,St. Louis Cardinals,9,7
2025-04-01,778489,3,San Francisco Giants,Houston Astros,1,San Francisco Giants,Houston Astros,3,1
2025-04-01,778485,0,Cleveland Guardians,San Diego Padres,7,San Diego Padres,Cleveland Guardians,7,0
2025-04-01,778486,4,Detroit Tigers,Seattle Mariners,1,Detroit Tigers,Seattle Mariners,4,1
2025-04-01,778494,7,Chicago Cubs,Athletics,4,Chicago Cubs,Athletics,7,4
2025-04-01,778487,1,Atlanta Braves,Los Angeles Dodgers,3,Los Angeles Dodgers,Atlanta Braves,3,1
2025-04-02,778480,1,Texas Rangers,Cincinnati Reds,0,Texas Rangers,Cincinnati Reds,1,0
2025-04-02,778479,4,Pittsburgh Pirates,Tampa Bay Rays,2,Pittsburgh Pirates,Tampa Bay Rays,4,2
2025-04-02,778477,2,Kansas City Royals,Milwaukee Brewers,3,Milwaukee Brewers,Kansas City Royals,3,2
2025-04-02,778473,5,Los Angeles Angels,St. Louis Cardinals,12,St. Louis Cardinals,Los Angeles Angels,12,5
2025-04-02,778474,6,Minnesota Twins,Chicago White Sox,1,Minnesota Twins,Chicago White Sox,6,1
2025-04-02,778478,2,Washington Nationals,Toronto Blue Jays,4,Toronto Blue Jays,Washington Nationals,4,2
2025-04-02,778471,10,Chicago Cubs,Athletics,2,Chicago Cubs,Athletics,10,2
2025-04-02,778476,2,Cleveland Guardians,San Diego Padres,5,San Diego Padres,Cleveland Guardians,5,2
2025-04-02,778469,2,Detroit Tigers,Seattle Mariners,3,Seattle Mariners,Detroit Tigers,3,2
2025-04-02,778475,6,San Francisco Giants,Houston Astros,3,San Francisco Giants,Houston Astros,6,3
2025-04-02,778481,6,New York Mets,Miami Marlins,5,New York Mets,Miami Marlins,6,5
2025-04-02,778483,3,Boston Red Sox,Baltimore Orioles,0,Boston Red Sox,Baltimore Orioles,3,0
2025-04-02,778482,1,Colorado Rockies,Philadelphia Phillies,5,Philadelphia Phillies,Colorado Rockies,5,1
2025-04-02,778484,4,Arizona Diamondbacks,New York Yankees,3,Arizona Diamondbacks,New York Yankees,4,3
2025-04-02,778472,5,Atlanta Braves,Los Angeles Dodgers,6,Los Angeles Dodgers,Atlanta Braves,6,5
2025-04-03,778470,8,Boston Red Sox,Baltimore Orioles,4,Boston Red Sox,Baltimore Orioles,8,4
2025-04-03,778467,1,Colorado Rockies,Philadelphia Phillies,3,Philadelphia Phillies,Colorado Rockies,3,1
2025-04-03,778462,5,Houston Astros,Minnesota Twins,2,Houston Astros,Minnesota Twins,5,2
2025-04-03,778466,7,Arizona Diamondbacks,New York Yankees,9,New York Yankees,Arizona Diamondbacks,9,7
2025-04-03,778468,0,Cincinnati Reds,Milwaukee Brewers,1,Milwaukee Brewers,Cincinnati Reds,1,0
2025-04-04,778458,4,Chicago White Sox,Detroit Tigers,7,Detroit Tigers,Chicago White Sox,7,4
2025-04-04,778463,9,St. Louis Cardinals,Boston Red Sox,13,Boston Red Sox,St. Louis Cardinals,13,9
2025-04-04,778460,1,San Diego Padres,Chicago Cubs,3,Chicago Cubs,San Diego Padres,3,1
2025-04-04,778465,0,Toronto Blue Jays,New York Mets,5,New York Mets,Toronto Blue Jays,5,0
2025-04-04,778456,6,Athletics,Colorado Rockies,3,Athletics,Colorado Rockies,6,3
2025-04-04,778461,9,New York Yankees,Pittsburgh Pirates,4,New York Yankees,Pittsburgh Pirates,9,4
2025-04-04,778444,9,Seattle Mariners,San Francisco Giants,10,San Francisco Giants,Seattle Mariners,10,9
2025-04-04,778457,6,Arizona Diamondbacks,Washington Nationals,4,Arizona Diamondbacks,Washington Nationals,6,4
2025-04-04,778459,2,Los Angeles Dodgers,Philadelphia Phillies,3,Philadelphia Phillies,Los Angeles Dodgers,3,2
2025-04-04,778464,0,Miami Marlins,Atlanta Braves,10,Atlanta Braves,Miami Marlins,10,0
2025-04-04,778455,2,Baltimore Orioles,Kansas City Royals,8,Kansas City Royals,Baltimore Orioles,8,2
2025-04-04,778454,2,Tampa Bay Rays,Texas Rangers,5,Texas Rangers,Tampa Bay Rays,5,2
2025-04-04,778453,2,Cincinnati Reds,Milwaukee Brewers,3,Milwaukee Brewers,Cincinnati Reds,3,2
2025-04-04,778447,8,Cleveland Guardians,Los Angeles Angels,6,Cleveland Guardians,Los Angeles Angels,8,6
2025-04-05,778445,2,Chicago White Sox,Detroit Tigers,7,Detroit Tigers,Chicago White Sox,7,2
2025-04-05,778440,1,Houston Astros,Minnesota Twins,6,Minnesota Twins,Houston Astros,6,1
2025-04-05,778450,1,San Diego Padres,Chicago Cubs,7,Chicago Cubs,San Diego Padres,7,1
2025-04-05,778452,3,Arizona Diamondbacks,Washington Nationals,4,Washington Nationals,Arizona Diamondbacks,4,3
2025-04-05,778448,3,Los Angeles Dodgers,Philadelphia Phillies,1,Los Angeles Dodgers,Philadelphia Phillies,3,1
2025-04-05,778449,10,New York Yankees,Pittsburgh Pirates,4,New York Yankees,Pittsburgh Pirates,10,4
2025-04-05,778441,8,Baltimore Orioles,Kansas City Royals,1,Baltimore Orioles,Kansas City Royals,8,1
2025-04-05,778438,4,Tampa Bay Rays,Texas Rangers,6,Texas Rangers,Tampa Bay Rays,6,4
2025-04-05,778446,2,Toronto Blue Jays,New York Mets,3,New York Mets,Toronto Blue Jays,3,2
2025-04-05,778439,11,Cincinnati Reds,Milwaukee Brewers,7,Cincinnati Reds,Milwaukee Brewers,11,7
2025-04-05,778451,4,Miami Marlins,Atlanta Braves,0,Miami Marlins,Atlanta Braves,4,0
2025-04-05,778442,7,Athletics,Colorado Rockies,4,Athletics,Colorado Rockies,7,4
2025-04-05,778436,1,Seattle Mariners,San Francisco Giants,4,San Francisco Giants,Seattle Mariners,4,1
2025-04-05,778437,4,Cleveland Guardians,Los Angeles Angels,10,Los Angeles Angels,Cleveland Guardians,10,4
2025-04-06,778429,4,Arizona Diamondbacks,Washington Nationals,5,Washington Nationals,Arizona Diamondbacks,5,4
2025-04-06,778443,4,St. Louis Cardinals,Boston Red Sox,5,Boston Red Sox,St. Louis Cardinals,5,4
2025-04-06,778432,7,St. Louis Cardinals,Boston Red Sox,18,Boston Red Sox,St. Louis Cardinals,18,7
2025-04-06,778434,7,Los Angeles Dodgers,Philadelphia Phillies,8,Philadelphia Phillies,Los Angeles Dodgers,8,7
2025-04-06,778428,4,New York Yankees,Pittsburgh Pirates,5,Pittsburgh Pirates,New York Yankees,5,4
2025-04-06,778435,1,Toronto Blue Jays,New York Mets,2,New York Mets,Toronto Blue Jays,2,1
2025-04-06,778433,3,Chicago White Sox,Detroit Tigers,4,Detroit Tigers,Chicago White Sox,4,3
2025-04-06,778422,1,Baltimore Orioles,Kansas City Royals,4,Kansas City Royals,Baltimore Orioles,4,1
2025-04-06,778419,9,Houston Astros,Minnesota Twins,7,Houston Astros,Minnesota Twins,9,7
2025-04-06,778421,2,Cincinnati Reds,Milwaukee Brewers,8,Milwaukee Brewers,Cincinnati Reds,8,2
2025-04-06,778430,8,San Diego Padres,Chicago Cubs,7,San Diego Padres,Chicago Cubs,8,7
2025-04-06,778420,3,Tampa Bay Rays,Texas Rangers,4,Texas Rangers,Tampa Bay Rays,4,3
2025-04-06,778423,5,Athletics,Colorado Rockies,12,Colorado Rockies,Athletics,12,5
2025-04-06,778427,4,Seattle Mariners,San Francisco Giants,5,San Francisco Giants,Seattle Mariners,5,4
2025-04-06,778425,2,Cleveland Guardians,Los Angeles Angels,6,Los Angeles Angels,Cleveland Guardians,6,2
2025-04-07,778424,2,New York Yankees,Detroit Tigers,6,Detroit Tigers,New York Yankees,6,2
2025-04-07,778415,4,St. Louis Cardinals,Pittsburgh Pirates,8,Pittsburgh Pirates,St. Louis Cardinals,8,4
2025-04-07,778418,4,Los Angeles Dodgers,Washington Nationals,6,Washington Nationals,Los Angeles Dodgers,6,4
2025-04-07,778426,6,Toronto Blue Jays,Boston Red Sox,2,Toronto Blue Jays,Boston Red Sox,6,2
2025-04-07,778416,0,Miami Marlins,New York Mets,2,New York Mets,Miami Marlins,2,0
2025-04-07,778411,0,Texas Rangers,Chicago Cubs,7,Chicago Cubs,Texas Rangers,7,0
2025-04-07,778412,2,Minnesota Twins,Kansas City Royals,4,Kansas City Royals,Minnesota Twins,4,2
2025-04-07,778413,5,Baltimore Orioles,Arizona Diamondbacks,1,Baltimore Orioles,Arizona Diamondbacks,5,1
2025-04-07,778405,3,Houston Astros,Seattle Mariners,4,Seattle Mariners,Houston Astros,4,3
2025-04-07,778410,2,Cincinnati Reds,San Francisco Giants,0,Cincinnati Reds,San Francisco Giants,2,0
2025-04-07,778414,5,San Diego Padres,Athletics,4,San Diego Padres,Athletics,5,4
2025-04-08,778403,0,New York Yankees,Detroit Tigers,5,Detroit Tigers,New York Yankees,5,0
2025-04-08,778402,0,Chicago White Sox,Cleveland Guardians,1,Cleveland Guardians,Chicago White Sox,1,0
2025-04-08,778407,5,Miami Marlins,New York Mets,10,New York Mets,Miami Marlins,10,5
2025-04-08,778408,5,St. Louis Cardinals,Pittsburgh Pirates,3,St. Louis Cardinals,Pittsburgh Pirates,5,3
2025-04-08,778409,2,Los Angeles Dodgers,Washington Nationals,8,Washington Nationals,Los Angeles Dodgers,8,2
2025-04-08,778404,6,Toronto Blue Jays,Boston Red Sox,1,Toronto Blue Jays,Boston Red Sox,6,1
2025-04-08,778417,4,Los Angeles Angels,Tampa Bay Rays,3,Los Angeles Angels,Tampa Bay Rays,4,3
2025-04-08,778406,5,Philadelphia Phillies,Atlanta Braves,7,Atlanta Braves,Philadelphia Phillies,7,5
2025-04-08,778401,6,Texas Rangers,Chicago Cubs,10,Chicago Cubs,Texas Rangers,10,6
2025-04-08,778400,1,Minnesota Twins,Kansas City Royals,2,Kansas City Royals,Minnesota Twins,2,1
2025-04-08,778394,7,Milwaukee Brewers,Colorado Rockies,1,Milwaukee Brewers,Colorado Rockies,7,1
2025-04-08,778396,3,Baltimore Orioles,Arizona Diamondbacks,4,Arizona Diamondbacks,Baltimore Orioles,4,3
2025-04-08,778398,2,Houston Astros,Seattle Mariners,1,Houston Astros,Seattle Mariners,2,1
2025-04-08,778397,1,Cincinnati Reds,San Francisco Giants,0,Cincinnati Reds,San Francisco Giants,1,0
2025-04-08,778395,4,San Diego Padres,Athletics,10,Athletics,San Diego Padres,10,4
2025-04-09,778389,1,St. Louis Cardinals,Pittsburgh Pirates,2,Pittsburgh Pirates,St. Louis Cardinals,2,1
2025-04-09,778390,5,Miami Marlins,New York Mets,0,Miami Marlins,New York Mets,5,0
2025-04-09,778387,4,New York Yankees,Detroit Tigers,3,New York Yankees,Detroit Tigers,4,3
2025-04-09,778385,6,Texas Rangers,Chicago Cubs,2,Texas Rangers,Chicago Cubs,6,2
2025-04-09,778381,2,San Diego Padres,Athletics,1,San Diego Padres,Athletics,2,1
2025-04-09,778380,0,Baltimore Orioles,Arizona Diamondbacks,9,Arizona Diamondbacks,Baltimore Orioles,9,0
2025-04-09,778376,6,Cincinnati Reds,San Francisco Giants,8,San Francisco Giants,Cincinnati Reds,8,6
2025-04-09,778392,6,Los Angeles Dodgers,Washington Nationals,5,Los Angeles Dodgers,Washington Nationals,6,5
2025-04-09,778383,6,Houston Astros,Seattle Mariners,7,Seattle Mariners,Houston Astros,7,6
2025-04-09,778391,2,Chicago White Sox,Cleveland Guardians,3,Cleveland Guardians,Chicago White Sox,3,2
2025-04-09,778386,2,Toronto Blue Jays,Boston Red Sox,1,Toronto Blue Jays,Boston Red Sox,2,1
2025-04-09,778399,4,Los Angeles Angels,Tampa Bay Rays,5,Tampa Bay Rays,Los Angeles Angels,5,4
2025-04-09,778393,4,Philadelphia Phillies,Atlanta Braves,3,Philadelphia Phillies,Atlanta Braves,4,3
2025-04-09,778388,4,Minnesota Twins,Kansas City Royals,0,Minnesota Twins,Kansas City Royals,4,0
2025-04-09,778379,17,Milwaukee Brewers,Colorado Rockies,2,Milwaukee Brewers,Colorado Rockies,17,2
2025-04-10,778382,11,Los Angeles Angels,Tampa Bay Rays,1,Los Angeles Angels,Tampa Bay Rays,11,1
2025-04-10,778378,1,Chicago White Sox,Cleveland Guardians,6,Cleveland Guardians,Chicago White Sox,6,1
2025-04-10,778373,2,Minnesota Twins,Kansas City Royals,3,Kansas City Royals,Minnesota Twins,3,2
2025-04-10,778371,2,Milwaukee Brewers,Colorado Rockies,7,Colorado Rockies,Milwaukee Brewers,7,2
2025-04-10,778377,3,Toronto Blue Jays,Boston Red Sox,4,Boston Red Sox,Toronto Blue Jays,4,3
2025-04-10,778384,2,Philadelphia Phillies,Atlanta Braves,4,Atlanta Braves,Philadelphia Phillies,4,2
2025-04-11,778375,0,Kansas City Royals,Cleveland Guardians,7,Cleveland Guardians,Kansas City Royals,7,0
2025-04-11,778374,3,Pittsburgh Pirates,Cincinnati Reds,5,Cincinnati Reds,Pittsburgh Pirates,5,3
2025-04-11,778367,3,Atlanta Braves,Tampa Bay Rays,6,Tampa Bay Rays,Atlanta Braves,6,3
2025-04-11,778369,7,Washington Nationals,Miami Marlins,4,Washington Nationals,Miami Marlins,7,4
2025-04-11,778366,1,Boston Red Sox,Chicago White Sox,11,Chicago White Sox,Boston Red Sox,11,1
2025-04-11,778368,3,Los Angeles Angels,Houston Astros,14,Houston Astros,Los Angeles Angels,14,3
2025-04-11,778363,7,Detroit Tigers,Minnesota Twins,6,Detroit Tigers,Minnesota Twins,7,6
2025-04-11,778365,0,Philadelphia Phillies,St. Louis Cardinals,2,St. Louis Cardinals,Philadelphia Phillies,2,0
2025-04-11,778361,0,Colorado Rockies,San Diego Padres,8,San Diego Padres,Colorado Rockies,8,0
2025-04-11,778360,3,Texas Rangers,Seattle Mariners,5,Seattle Mariners,Texas Rangers,5,3
2025-04-11,778364,7,Milwaukee Brewers,Arizona Diamondbacks,0,Milwaukee Brewers,Arizona Diamondbacks,7,0
2025-04-11,778358,7,New York Mets,Athletics,6,New York Mets,Athletics,7,6
2025-04-11,778356,0,Chicago Cubs,Los Angeles Dodgers,3,Los Angeles Dodgers,Chicago Cubs,3,0
2025-04-12,778348,4,Detroit Tigers,Minnesota Twins,0,Detroit Tigers,Minnesota Twins,4,0
2025-04-12,778347,4,Philadelphia Phillies,St. Louis Cardinals,1,Philadelphia Phillies,St. Louis Cardinals,4,1
2025-04-12,778355,4,San Francisco Giants,New York Yankees,8,New York Yankees,San Francisco Giants,8,4
2025-04-12,778346,1,New York Mets,Athletics,3,Athletics,New York Mets,3,1
2025-04-12,778362,4,Toronto Blue Jays,Baltimore Orioles,5,Baltimore Orioles,Toronto Blue Jays,5,4
2025-04-12,778353,5,Atlanta Braves,Tampa Bay Rays,4,Atlanta Braves,Tampa Bay Rays,5,4
2025-04-12,778349,2,Boston Red Sox,Chicago White Sox,3,Chicago White Sox,Boston Red Sox,3,2
2025-04-12,778354,6,Washington Nationals,Miami Marlins,7,Miami Marlins,Washington Nationals,7,6
2025-04-12,778359,3,Kansas City Royals,Cleveland Guardians,6,Cleveland Guardians,Kansas City Royals,6,3
2025-04-12,778357,2,Pittsburgh Pirates,Cincinnati Reds,5,Cincinnati Reds,Pittsburgh Pirates,5,2
2025-04-12,778351,4,Los Angeles Angels,Houston Astros,1,Los Angeles Angels,Houston Astros,4,1
2025-04-12,778350,4,Milwaukee Brewers,Arizona Diamondbacks,5,Arizona Diamondbacks,Milwaukee Brewers,5,4
2025-04-12,778352,0,Colorado Rockies,San Diego Padres,2,San Diego Padres,Colorado Rockies,2,0
2025-04-12,778345,16,Chicago Cubs,Los Angeles Dodgers,0,Chicago Cubs,Los Angeles Dodgers,16,0
2025-04-12,778341,2,Texas Rangers,Seattle Mariners,9,Seattle Mariners,Texas Rangers,9,2
2025-04-13,778344,7,Toronto Blue Jays,Baltimore Orioles,6,Toronto Blue Jays,Baltimore Orioles,7,6
2025-04-13,778339,5,San Francisco Giants,New York Yankees,4,San Francisco Giants,New York Yankees,5,4
2025-04-13,778342,4,Kansas City Royals,Cleveland Guardians,2,Kansas City Royals,Cleveland Guardians,4,2
2025-04-13,778343,0,Pittsburgh Pirates,Cincinnati Reds,4,Cincinnati Reds,Pittsburgh Pirates,4,0
2025-04-13,778340,3,Atlanta Braves,Tampa Bay Rays,8,Tampa Bay Rays,Atlanta Braves,8,3
2025-04-13,778337,4,Washington Nationals,Miami Marlins,11,Miami Marlins,Washington Nationals,11,4
2025-04-13,778329,3,Los Angeles Angels,Houston Astros,7,Houston Astros,Los Angeles Angels,7,3
2025-04-13,778335,1,Detroit Tigers,Minnesota Twins,5,Minnesota Twins,Detroit Tigers,5,1
2025-04-13,778338,3,Boston Red Sox,Chicago White Sox,1,Boston Red Sox,Chicago White Sox,3,1
2025-04-13,778336,0,Philadelphia Phillies,St. Louis Cardinals,7,St. Louis Cardinals,Philadelphia Phillies,7,0
2025-04-13,778333,8,New York Mets,Athletics,0,New York Mets,Athletics,8,0
2025-04-13,778330,0,Colorado Rockies,San Diego Padres,6,San Diego Padres,Colorado Rockies,6,0
2025-04-13,778334,1,Texas Rangers,Seattle Mariners,3,Seattle Mariners,Texas Rangers,3,1
2025-04-13,778332,2,Milwaukee Brewers,Arizona Diamondbacks,5,Arizona Diamondbacks,Milwaukee Brewers,5,2
2025-04-13,778331,4,Chicago Cubs,Los Angeles Dodgers,2,Chicago Cubs,Los Angeles Dodgers,4,2
2025-04-14,778321,3,Washington Nationals,Pittsburgh Pirates,10,Pittsburgh Pirates,Washington Nationals,10,3
2025-04-14,778320,10,San Francisco Giants,Philadelphia Phillies,4,San Francisco Giants,Philadelphia Phillies,10,4
2025-04-14,778328,1,Boston Red Sox,Tampa Bay Rays,16,Tampa Bay Rays,Boston Red Sox,16,1
2025-04-14,778327,1,Kansas City Royals,New York Yankees,4,New York Yankees,Kansas City Royals,4,1
2025-04-14,778322,8,Atlanta Braves,Toronto Blue Jays,4,Atlanta Braves,Toronto Blue Jays,8,4
2025-04-14,778324,5,New York Mets,Minnesota Twins,1,New York Mets,Minnesota Twins,5,1
2025-04-14,778323,9,Detroit Tigers,Milwaukee Brewers,1,Detroit Tigers,Milwaukee Brewers,9,1
2025-04-14,778325,3,Houston Astros,St. Louis Cardinals,8,St. Louis Cardinals,Houston Astros,8,3
2025-04-14,778315,4,Chicago Cubs,San Diego Padres,10,San Diego Padres,Chicago Cubs,10,4
2025-04-14,778326,3,Colorado Rockies,Los Angeles Dodgers,5,Los Angeles Dodgers,Colorado Rockies,5,3
2025-04-15,778314,3,Washington Nationals,Pittsburgh Pirates,0,Washington Nationals,Pittsburgh Pirates,3,0
2025-04-15,778316,4,Seattle Mariners,Cincinnati Reds,8,Cincinnati Reds,Seattle Mariners,8,4
2025-04-15,778318,10,Arizona Diamondbacks,Miami Marlins,4,Arizona Diamondbacks,Miami Marlins,10,4
2025-04-15,778313,4,San Francisco Giants,Philadelphia Phillies,6,Philadelphia Phillies,San Francisco Giants,6,4
2025-04-15,778317,6,Cleveland Guardians,Baltimore Orioles,3,Cleveland Guardians,Baltimore Orioles,6,3
2025-04-15,778319,7,Boston Red Sox,Tampa Bay Rays,4,Boston Red Sox,Tampa Bay Rays,7,4
2025-04-15,778312,2,Kansas City Royals,New York Yankees,4,New York Yankees,Kansas City Royals,4,2
2025-04-15,778311,3,Atlanta Braves,Toronto Blue Jays,6,Toronto Blue Jays,Atlanta Braves,6,3
2025-04-15,778307,3,New York Mets,Minnesota Twins,6,Minnesota Twins,New York Mets,6,3
2025-04-15,778309,12,Athletics,Chicago White Sox,3,Athletics,Chicago White Sox,12,3
2025-04-15,778310,0,Detroit Tigers,Milwaukee Brewers,5,Milwaukee Brewers,Detroit Tigers,5,0
2025-04-15,778308,2,Houston Astros,St. Louis Cardinals,0,Houston Astros,St. Louis Cardinals,2,0
2025-04-15,778306,0,Los Angeles Angels,Texas Rangers,4,Texas Rangers,Los Angeles Angels,4,0
2025-04-15,778305,2,Chicago Cubs,San Diego Padres,1,Chicago Cubs,San Diego Padres,2,1
2025-04-15,778302,2,Colorado Rockies,Los Angeles Dodgers,6,Los Angeles Dodgers,Colorado Rockies,6,2
2025-04-16,778297,1,Atlanta Braves,Toronto Blue Jays,3,Toronto Blue Jays,Atlanta Braves,3,1
2025-04-16,778299,3,New York Mets,Minnesota Twins,4,Minnesota Twins,New York Mets,4,3
2025-04-16,778295,1,Detroit Tigers,Milwaukee Brewers,5,Milwaukee Brewers,Detroit Tigers,5,1
2025-04-16,778290,1,Houston Astros,St. Louis Cardinals,4,St. Louis Cardinals,Houston Astros,4,1
2025-04-16,778288,2,Chicago Cubs,San Diego Padres,4,San Diego Padres,Chicago Cubs,4,2
2025-04-16,778301,1,Cleveland Guardians,Baltimore Orioles,9,Baltimore Orioles,Cleveland Guardians,9,1
2025-04-16,778293,1,Washington Nationals,Pittsburgh Pirates,6,Pittsburgh Pirates,Washington Nationals,6,1
2025-04-16,778304,5,Seattle Mariners,Cincinnati Reds,3,Seattle Mariners,Cincinnati Reds,5,3
2025-04-16,778303,6,Arizona Diamondbacks,Miami Marlins,2,Arizona Diamondbacks,Miami Marlins,6,2
2025-04-16,778296,11,San Francisco Giants,Philadelphia Phillies,4,San Francisco Giants,Philadelphia Phillies,11,4
2025-04-16,778298,1,Boston Red Sox,Tampa Bay Rays,0,Boston Red Sox,Tampa Bay Rays,1,0
2025-04-16,778300,3,Kansas City Royals,New York Yankees,4,New York Yankees,Kansas City Royals,4,3
2025-04-16,778294,3,Athletics,Chicago White Sox,1,Athletics,Chicago White Sox,3,1
2025-04-16,778289,1,Los Angeles Angels,Texas Rangers,3,Texas Rangers,Los Angeles Angels,3,1
2025-04-16,778287,7,Colorado Rockies,Los Angeles Dodgers,8,Los Angeles Dodgers,Colorado Rockies,8,7
2025-04-17,778291,6,Arizona Diamondbacks,Miami Marlins,4,Arizona Diamondbacks,Miami Marlins,6,4
2025-04-17,778280,0,Washington Nationals,Pittsburgh Pirates,1,Pittsburgh Pirates,Washington Nationals,1,0
2025-04-17,778285,11,Seattle Mariners,Cincinnati Reds,7,Seattle Mariners,Cincinnati Reds,11,7
2025-04-17,778283,8,Athletics,Chicago White Sox,0,Athletics,Chicago White Sox,8,0
2025-04-17,778279,4,San Francisco Giants,Philadelphia Phillies,6,Philadelphia Phillies,San Francisco Giants,6,4
2025-04-17,778292,2,Cleveland Guardians,Baltimore Orioles,6,Baltimore Orioles,Cleveland Guardians,6,2
2025-04-17,778286,1,Kansas City Royals,Detroit Tigers,6,Detroit Tigers,Kansas City Royals,6,1
2025-04-17,778282,6,New York Yankees,Tampa Bay Rays,3,New York Yankees,Tampa Bay Rays,6,3
2025-04-17,778278,1,St. Louis Cardinals,New York Mets,4,New York Mets,St. Louis Cardinals,4,1
2025-04-17,778281,3,Los Angeles Angels,Texas Rangers,5,Texas Rangers,Los Angeles Angels,5,3
2025-04-18,778268,11,Arizona Diamondbacks,Chicago Cubs,13,Chicago Cubs,Arizona Diamondbacks,13,11
2025-04-18,778277,3,Kansas City Royals,Detroit Tigers,7,Detroit Tigers,Kansas City Royals,7,3
2025-04-18,778271,10,Cleveland Guardians,Pittsburgh Pirates,7,Cleveland Guardians,Pittsburgh Pirates,10,7
2025-04-18,778274,2,Miami Marlins,Philadelphia Phillies,7,Philadelphia Phillies,Miami Marlins,7,2
2025-04-18,778276,8,Cincinnati Reds,Baltimore Orioles,3,Cincinnati Reds,Baltimore Orioles,8,3
2025-04-18,778272,1,New York Yankees,Tampa Bay Rays,0,New York Yankees,Tampa Bay Rays,1,0
2025-04-18,778273,1,Seattle Mariners,Toronto Blue Jays,3,Toronto Blue Jays,Seattle Mariners,3,1
2025-04-18,778270,4,St. Louis Cardinals,New York Mets,5,New York Mets,St. Louis Cardinals,5,4
2025-04-18,778275,3,Chicago White Sox,Boston Red Sox,10,Boston Red Sox,Chicago White Sox,10,3
2025-04-18,778284,4,Minnesota Twins,Atlanta Braves,6,Atlanta Braves,Minnesota Twins,6,4
2025-04-18,778263,3,Los Angeles Dodgers,Texas Rangers,0,Los Angeles Dodgers,Texas Rangers,3,0
2025-04-18,778269,4,San Diego Padres,Houston Astros,6,Houston Astros,San Diego Padres,6,4
2025-04-18,778261,3,Athletics,Milwaukee Brewers,5,Milwaukee Brewers,Athletics,5,3
2025-04-18,778260,0,San Francisco Giants,Los Angeles Angels,2,Los Angeles Angels,San Francisco Giants,2,0
2025-04-19,778252,10,Miami Marlins,Philadelphia Phillies,11,Philadelphia Phillies,Miami Marlins,11,10
2025-04-19,778265,1,Kansas City Royals,Detroit Tigers,3,Detroit Tigers,Kansas City Royals,3,1
2025-04-19,778257,2,Arizona Diamondbacks,Chicago Cubs,6,Chicago Cubs,Arizona Diamondbacks,6,2
2025-04-19,778258,8,Seattle Mariners,Toronto Blue Jays,4,Seattle Mariners,Toronto Blue Jays,8,4
2025-04-19,778262,5,Cincinnati Reds,Baltimore Orioles,9,Baltimore Orioles,Cincinnati Reds,9,5
2025-04-19,778254,3,Cleveland Guardians,Pittsburgh Pirates,0,Cleveland Guardians,Pittsburgh Pirates,3,0
2025-04-19,778256,0,St. Louis Cardinals,New York Mets,3,New York Mets,St. Louis Cardinals,3,0
2025-04-19,778251,3,Los Angeles Dodgers,Texas Rangers,4,Texas Rangers,Los Angeles Dodgers,4,3
2025-04-19,778247,12,Washington Nationals,Colorado Rockies,11,Washington Nationals,Colorado Rockies,12,11
2025-04-19,778264,3,Chicago White Sox,Boston Red Sox,4,Boston Red Sox,Chicago White Sox,4,3
2025-04-19,778255,8,New York Yankees,Tampa Bay Rays,10,Tampa Bay Rays,New York Yankees,10,8
2025-04-19,778259,2,San Diego Padres,Houston Astros,3,Houston Astros,San Diego Padres,3,2
2025-04-19,778253,3,Athletics,Milwaukee Brewers,1,Athletics,Milwaukee Brewers,3,1
2025-04-19,778267,3,Minnesota Twins,Atlanta Braves,4,Atlanta Braves,Minnesota Twins,4,3
2025-04-19,778243,3,San Francisco Giants,Los Angeles Angels,2,San Francisco Giants,Los Angeles Angels,3,2
2025-04-20,778250,24,Cincinnati Reds,Baltimore Orioles,2,Cincinnati Reds,Baltimore Orioles,24,2
2025-04-20,778242,5,Cleveland Guardians,Pittsburgh Pirates,4,Cleveland Guardians,Pittsburgh Pirates,5,4
2025-04-20,778249,2,Minnesota Twins,Atlanta Braves,6,Atlanta Braves,Minnesota Twins,6,2
2025-04-20,778245,8,Chicago White Sox,Boston Red Sox,4,Chicago White Sox,Boston Red Sox,8,4
2025-04-20,778248,7,Miami Marlins,Philadelphia Phillies,5,Miami Marlins,Philadelphia Phillies,7,5
2025-04-20,778241,8,Seattle Mariners,Toronto Blue Jays,3,Seattle Mariners,Toronto Blue Jays,8,3
2025-04-20,778246,4,Kansas City Royals,Detroit Tigers,3,Kansas City Royals,Detroit Tigers,4,3
2025-04-20,778244,4,St. Louis Cardinals,New York Mets,7,New York Mets,St. Louis Cardinals,7,4
2025-04-20,778240,4,New York Yankees,Tampa Bay Rays,0,New York Yankees,Tampa Bay Rays,4,0
2025-04-20,778239,1,Athletics,Milwaukee Brewers,14,Milwaukee Brewers,Athletics,14,1
2025-04-20,778236,3,Arizona Diamondbacks,Chicago Cubs,2,Arizona Diamondbacks,Chicago Cubs,3,2
2025-04-20,778234,1,Los Angeles Dodgers,Texas Rangers,0,Los Angeles Dodgers,Texas Rangers,1,0
2025-04-20,778235,3,Washington Nationals,Colorado Rockies,2,Washington Nationals,Colorado Rockies,3,2
2025-04-20,778266,1,Washington Nationals,Colorado Rockies,3,Colorado Rockies,Washington Nationals,3,1
2025-04-20,778232,4,San Francisco Giants,Los Angeles Angels,5,Los Angeles Angels,San Francisco Giants,5,4
2025-04-20,778237,3,San Diego Padres,Houston Astros,2,San Diego Padres,Houston Astros,3,2
2025-04-21,778238,2,Chicago White Sox,Boston Red Sox,4,Boston Red Sox,Chicago White Sox,4,2
2025-04-21,778227,4,New York Yankees,Cleveland Guardians,6,Cleveland Guardians,New York Yankees,6,4
2025-04-21,778228,4,San Diego Padres,Detroit Tigers,6,Detroit Tigers,San Diego Padres,6,4
2025-04-21,778230,3,Cincinnati Reds,Miami Marlins,6,Miami Marlins,Cincinnati Reds,6,3
2025-04-21,778225,4,Philadelphia Phillies,New York Mets,5,New York Mets,Philadelphia Phillies,5,4
2025-04-21,778233,6,St. Louis Cardinals,Atlanta Braves,7,Atlanta Braves,St. Louis Cardinals,7,6
2025-04-21,778231,0,Toronto Blue Jays,Houston Astros,7,Houston Astros,Toronto Blue Jays,7,0
2025-04-21,778226,2,Milwaukee Brewers,San Francisco Giants,5,San Francisco Giants,Milwaukee Brewers,5,2
2025-04-22,778218,2,New York Yankees,Cleveland Guardians,3,Cleveland Guardians,New York Yankees,3,2
2025-04-22,778221,2,San Diego Padres,Detroit Tigers,0,San Diego Padres,Detroit Tigers,2,0
2025-04-22,778219,3,Cincinnati Reds,Miami Marlins,4,Miami Marlins,Cincinnati Reds,4,3
2025-04-22,778222,0,Baltimore Orioles,Washington Nationals,7,Washington Nationals,Baltimore Orioles,7,0
2025-04-22,778224,3,Seattle Mariners,Boston Red Sox,8,Boston Red Sox,Seattle Mariners,8,3
2025-04-22,778223,1,Philadelphia Phillies,New York Mets,5,New York Mets,Philadelphia Phillies,5,1
2025-04-22,778229,10,St. Louis Cardinals,Atlanta Braves,4,St. Louis Cardinals,Atlanta Braves,10,4
2025-04-22,778215,3,Colorado Rockies,Kansas City Royals,4,Kansas City Royals,Colorado Rockies,4,3
2025-04-22,778220,10,Los Angeles Dodgers,Chicago Cubs,11,Chicago Cubs,Los Angeles Dodgers,11,10
2025-04-22,778216,2,Chicago White Sox,Minnesota Twins,4,Minnesota Twins,Chicago White Sox,4,2
2025-04-22,778217,1,Toronto Blue Jays,Houston Astros,5,Houston Astros,Toronto Blue Jays,5,1
2025-04-22,778211,9,Pittsburgh Pirates,Los Angeles Angels,3,Pittsburgh Pirates,Los Angeles Angels,9,3
2025-04-22,778212,1,Tampa Bay Rays,Arizona Diamondbacks,5,Arizona Diamondbacks,Tampa Bay Rays,5,1
2025-04-22,778210,11,Milwaukee Brewers,San Francisco Giants,3,Milwaukee Brewers,San Francisco Giants,11,3
2025-04-22,778213,8,Texas Rangers,Athletics,5,Texas Rangers,Athletics,8,5
2025-04-23,778214,1,St. Louis Cardinals,Atlanta Braves,4,Atlanta Braves,St. Louis Cardinals,4,1
2025-04-23,778209,0,San Diego Padres,Detroit Tigers,6,Detroit Tigers,San Diego Padres,6,0
2025-04-23,778203,3,Philadelphia Phillies,New York Mets,4,New York Mets,Philadelphia Phillies,4,3
2025-04-23,778208,5,Cincinnati Reds,Miami Marlins,2,Cincinnati Reds,Miami Marlins,5,2
2025-04-23,778206,5,New York Yankees,Cleveland Guardians,1,New York Yankees,Cleveland Guardians,5,1
2025-04-23,778204,3,Baltimore Orioles,Washington Nationals,4,Washington Nationals,Baltimore Orioles,4,3
2025-04-23,778207,8,Seattle Mariners,Boston Red Sox,5,Seattle Mariners,Boston Red Sox,8,5
2025-04-23,778205,6,Los Angeles Dodgers,Chicago Cubs,7,Chicago Cubs,Los Angeles Dodgers,7,6
2025-04-23,778200,1,Toronto Blue Jays,Houston Astros,3,Houston Astros,Toronto Blue Jays,3,1
2025-04-23,778201,3,Chicago White Sox,Minnesota Twins,6,Minnesota Twins,Chicago White Sox,6,3
2025-04-23,778202,3,Pittsburgh Pirates,Los Angeles Angels,0,Pittsburgh Pirates,Los Angeles Angels,3,0
2025-04-23,778199,7,Tampa Bay Rays,Arizona Diamondbacks,6,Tampa Bay Rays,Arizona Diamondbacks,7,6
2025-04-23,778198,2,Milwaukee Brewers,San Francisco Giants,4,San Francisco Giants,Milwaukee Brewers,4,2
2025-04-23,778197,2,Texas Rangers,Athletics,5,Athletics,Texas Rangers,5,2
2025-04-24,778196,4,Seattle Mariners,Boston Red Sox,3,Seattle Mariners,Boston Red Sox,4,3
2025-04-24,778190,4,Colorado Rockies,Kansas City Royals,7,Kansas City Royals,Colorado Rockies,7,4
2025-04-24,778195,2,Colorado Rockies,Kansas City Royals,6,Kansas City Royals,Colorado Rockies,6,2
2025-04-24,778194,5,Milwaukee Brewers,San Francisco Giants,6,San Francisco Giants,Milwaukee Brewers,6,5
2025-04-24,778193,2,Baltimore Orioles,Washington Nationals,1,Baltimore Orioles,Washington Nationals,2,1
2025-04-24,778191,3,Pittsburgh Pirates,Los Angeles Angels,4,Los Angeles Angels,Pittsburgh Pirates,4,3
2025-04-24,778188,7,Tampa Bay Rays,Arizona Diamondbacks,4,Tampa Bay Rays,Arizona Diamondbacks,7,4
2025-04-24,778192,3,Texas Rangers,Athletics,4,Athletics,Texas Rangers,4,3
2025-04-25,778182,0,Philadelphia Phillies,Chicago Cubs,4,Chicago Cubs,Philadelphia Phillies,4,0
2025-04-25,778183,4,New York Mets,Washington Nationals,5,Washington Nationals,New York Mets,5,4
2025-04-25,778185,4,Toronto Blue Jays,New York Yankees,2,Toronto Blue Jays,New York Yankees,4,2
2025-04-25,778187,0,Houston Astros,Kansas City Royals,2,Kansas City Royals,Houston Astros,2,0
2025-04-25,778186,4,Los Angeles Angels,Minnesota Twins,11,Minnesota Twins,Los Angeles Angels,11,4
2025-04-25,778184,2,Milwaukee Brewers,St. Louis Cardinals,3,St. Louis Cardinals,Milwaukee Brewers,3,2
2025-04-25,778181,8,Cincinnati Reds,Colorado Rockies,7,Cincinnati Reds,Colorado Rockies,8,7
2025-04-25,778172,1,Tampa Bay Rays,San Diego Padres,0,Tampa Bay Rays,San Diego Padres,1,0
2025-04-25,778177,8,Atlanta Braves,Arizona Diamondbacks,2,Atlanta Braves,Arizona Diamondbacks,8,2
2025-04-25,778175,8,Miami Marlins,Seattle Mariners,4,Miami Marlins,Seattle Mariners,8,4
2025-04-25,778178,5,Chicago White Sox,Athletics,6,Athletics,Chicago White Sox,6,5
2025-04-25,778176,3,Pittsburgh Pirates,Los Angeles Dodgers,0,Pittsburgh Pirates,Los Angeles Dodgers,3,0
2025-04-25,778171,2,Texas Rangers,San Francisco Giants,0,Texas Rangers,San Francisco Giants,2,0
2025-04-26,778179,4,Boston Red Sox,Cleveland Guardians,5,Cleveland Guardians,Boston Red Sox,5,4
2025-04-26,778169,7,Boston Red Sox,Cleveland Guardians,3,Boston Red Sox,Cleveland Guardians,7,3
2025-04-26,778168,3,Baltimore Orioles,Detroit Tigers,4,Detroit Tigers,Baltimore Orioles,4,3
2025-04-26,778180,2,Baltimore Orioles,Detroit Tigers,6,Detroit Tigers,Baltimore Orioles,6,2
2025-04-26,778166,1,Los Angeles Angels,Minnesota Twins,5,Minnesota Twins,Los Angeles Angels,5,1
2025-04-26,778164,5,Milwaukee Brewers,St. Louis Cardinals,6,St. Louis Cardinals,Milwaukee Brewers,6,5
2025-04-26,778161,6,Cincinnati Reds,Colorado Rockies,4,Cincinnati Reds,Colorado Rockies,6,4
2025-04-26,778173,2,New York Mets,Washington Nationals,0,New York Mets,Washington Nationals,2,0
2025-04-26,778159,2,Texas Rangers,San Francisco Giants,3,San Francisco Giants,Texas Rangers,3,2
2025-04-26,778174,10,Philadelphia Phillies,Chicago Cubs,4,Philadelphia Phillies,Chicago Cubs,10,4
2025-04-26,778165,10,Chicago White Sox,Athletics,3,Chicago White Sox,Athletics,10,3
2025-04-26,778167,0,Houston Astros,Kansas City Royals,2,Kansas City Royals,Houston Astros,2,0
2025-04-26,778162,8,Atlanta Braves,Arizona Diamondbacks,7,Atlanta Braves,Arizona Diamondbacks,8,7
2025-04-26,778160,4,Tampa Bay Rays,San Diego Padres,1,Tampa Bay Rays,San Diego Padres,4,1
2025-04-26,778163,4,Pittsburgh Pirates,Los Angeles Dodgers,8,Los Angeles Dodgers,Pittsburgh Pirates,8,4
2025-04-26,778154,0,Miami Marlins,Seattle Mariners,14,Seattle Mariners,Miami Marlins,14,0
2025-04-27,778153,7,New York Mets,Washington Nationals,8,Washington Nationals,New York Mets,8,7
2025-04-27,778156,2,Toronto Blue Jays,New York Yankees,11,New York Yankees,Toronto Blue Jays,11,2
2025-04-27,778170,1,Toronto Blue Jays,New York Yankees,5,New York Yankees,Toronto Blue Jays,5,1
2025-04-27,778157,13,Boston Red Sox,Cleveland Guardians,3,Boston Red Sox,Cleveland Guardians,13,3
2025-04-27,778155,0,Baltimore Orioles,Detroit Tigers,7,Detroit Tigers,Baltimore Orioles,7,0
2025-04-27,778144,0,Los Angeles Angels,Minnesota Twins,5,Minnesota Twins,Los Angeles Angels,5,0
2025-04-27,778152,7,Houston Astros,Kansas City Royals,3,Houston Astros,Kansas City Royals,7,3
2025-04-27,778150,7,Milwaukee Brewers,St. Louis Cardinals,1,Milwaukee Brewers,St. Louis Cardinals,7,1
2025-04-27,778148,8,Cincinnati Reds,Colorado Rockies,1,Cincinnati Reds,Colorado Rockies,8,1
2025-04-27,778151,2,Texas Rangers,San Francisco Giants,3,San Francisco Giants,Texas Rangers,3,2
2025-04-27,778149,2,Chicago White Sox,Athletics,3,Athletics,Chicago White Sox,3,2
2025-04-27,778145,2,Pittsburgh Pirates,Los Angeles Dodgers,9,Los Angeles Dodgers,Pittsburgh Pirates,9,2
2025-04-27,778146,4,Tampa Bay Rays,San Diego Padres,2,Tampa Bay Rays,San Diego Padres,4,2
2025-04-27,778147,4,Atlanta Braves,Arizona Diamondbacks,6,Arizona Diamondbacks,Atlanta Braves,6,4
2025-04-27,778136,6,Miami Marlins,Seattle Mariners,7,Seattle Mariners,Miami Marlins,7,6
2025-04-27,778158,3,Philadelphia Phillies,Chicago Cubs,1,Philadelphia Phillies,Chicago Cubs,3,1
2025-04-28,778138,19,New York Mets,Washington Nationals,5,New York Mets,Washington Nationals,19,5
2025-04-28,778139,11,Minnesota Twins,Cleveland Guardians,1,Minnesota Twins,Cleveland Guardians,11,1
2025-04-28,778140,3,New York Yankees,Baltimore Orioles,4,Baltimore Orioles,New York Yankees,4,3
2025-04-28,778141,1,St. Louis Cardinals,Cincinnati Reds,3,Cincinnati Reds,St. Louis Cardinals,3,1
2025-04-28,778143,2,Athletics,Texas Rangers,1,Athletics,Texas Rangers,2,1
2025-04-28,778142,5,Detroit Tigers,Houston Astros,8,Houston Astros,Detroit Tigers,8,5
2025-04-28,778137,6,Atlanta Braves,Colorado Rockies,3,Atlanta Braves,Colorado Rockies,6,3
2025-04-28,778132,6,Miami Marlins,Los Angeles Dodgers,7,Los Angeles Dodgers,Miami Marlins,7,6
2025-04-29,778129,1,Minnesota Twins,Cleveland Guardians,2,Cleveland Guardians,Minnesota Twins,2,1
2025-04-29,778133,15,New York Yankees,Baltimore Orioles,3,New York Yankees,Baltimore Orioles,15,3
2025-04-29,778135,9,Chicago Cubs,Pittsburgh Pirates,0,Chicago Cubs,Pittsburgh Pirates,9,0
2025-04-29,778131,6,Washington Nationals,Philadelphia Phillies,7,Philadelphia Phillies,Washington Nationals,7,6
2025-04-29,778128,3,Kansas City Royals,Tampa Bay Rays,1,Kansas City Royals,Tampa Bay Rays,3,1
2025-04-29,778127,10,Boston Red Sox,Toronto Blue Jays,2,Boston Red Sox,Toronto Blue Jays,10,2
2025-04-29,778130,3,Arizona Diamondbacks,New York Mets,8,New York Mets,Arizona Diamondbacks,8,3
2025-04-29,778125,7,Milwaukee Brewers,Chicago White Sox,2,Milwaukee Brewers,Chicago White Sox,7,2
2025-04-29,778122,2,Athletics,Texas Rangers,15,Texas Rangers,Athletics,15,2
2025-04-29,778124,4,Detroit Tigers,Houston Astros,6,Houston Astros,Detroit Tigers,6,4
2025-04-29,778120,8,Atlanta Braves,Colorado Rockies,2,Atlanta Braves,Colorado Rockies,8,2
2025-04-29,778121,3,Los Angeles Angels,Seattle Mariners,5,Seattle Mariners,Los Angeles Angels,5,3
2025-04-29,778126,4,San Francisco Giants,San Diego Padres,7,San Diego Padres,San Francisco Giants,7,4
2025-04-29,778123,2,Miami Marlins,Los Angeles Dodgers,15,Los Angeles Dodgers,Miami Marlins,15,2
2025-04-30,778134,6,St. Louis Cardinals,Cincinnati Reds,0,St. Louis Cardinals,Cincinnati Reds,6,0
2025-04-30,778119,9,St. Louis Cardinals,Cincinnati Reds,1,St. Louis Cardinals,Cincinnati Reds,9,1
2025-04-30,778110,7,Detroit Tigers,Houston Astros,4,Detroit Tigers,Houston Astros,7,4
2025-04-30,778102,1,Atlanta Braves,Colorado Rockies,2,Colorado Rockies,Atlanta Braves,2,1
2025-04-30,778109,7,Miami Marlins,Los Angeles Dodgers,12,Los Angeles Dodgers,Miami Marlins,12,7
2025-04-30,778104,3,Los Angeles Angels,Seattle Mariners,9,Seattle Mariners,Los Angeles Angels,9,3
2025-04-30,778105,3,San Francisco Giants,San Diego Padres,5,San Diego Padres,San Francisco Giants,5,3
2025-04-30,778116,2,Minnesota Twins,Cleveland Guardians,4,Cleveland Guardians,Minnesota Twins,4,2
2025-04-30,778115,4,New York Yankees,Baltimore Orioles,5,Baltimore Orioles,New York Yankees,5,4
2025-04-30,778112,3,Chicago Cubs,Pittsburgh Pirates,4,Pittsburgh Pirates,Chicago Cubs,4,3
2025-04-30,778118,2,Washington Nationals,Philadelphia Phillies,7,Philadelphia Phillies,Washington Nationals,7,2
2025-04-30,778113,3,Kansas City Royals,Tampa Bay Rays,0,Kansas City Royals,Tampa Bay Rays,3,0
2025-04-30,778114,6,Boston Red Sox,Toronto Blue Jays,7,Toronto Blue Jays,Boston Red Sox,7,6
2025-04-30,778117,4,Arizona Diamondbacks,New York Mets,3,Arizona Diamondbacks,New York Mets,4,3
2025-04-30,778111,6,Milwaukee Brewers,Chicago White Sox,4,Milwaukee Brewers,Chicago White Sox,6,4
2025-04-30,778106,7,Athletics,Texas Rangers,1,Athletics,Texas Rangers,7,1
2025-05-01,778100,8,Chicago Cubs,Pittsburgh Pirates,3,Chicago Cubs,Pittsburgh Pirates,8,3
2025-05-01,778107,1,St. Louis Cardinals,Cincinnati Reds,9,Cincinnati Reds,St. Louis Cardinals,9,1
2025-05-01,778103,4,Arizona Diamondbacks,New York Mets,2,Arizona Diamondbacks,New York Mets,4,2
2025-05-01,778097,8,Kansas City Royals,Tampa Bay Rays,2,Kansas City Royals,Tampa Bay Rays,8,2
2025-05-01,778108,3,Minnesota Twins,Cleveland Guardians,4,Cleveland Guardians,Minnesota Twins,4,3
2025-05-01,778094,0,Milwaukee Brewers,Chicago White Sox,8,Chicago White Sox,Milwaukee Brewers,8,0
2025-05-01,778096,3,Athletics,Texas Rangers,0,Athletics,Texas Rangers,3,0
2025-05-01,778099,4,Washington Nationals,Philadelphia Phillies,2,Washington Nationals,Philadelphia Phillies,4,2
2025-05-01,778095,2,Boston Red Sox,Toronto Blue Jays,4,Toronto Blue Jays,Boston Red Sox,4,2
2025-05-01,778101,10,Detroit Tigers,Los Angeles Angels,4,Detroit Tigers,Los Angeles Angels,10,4
2025-05-01,778098,4,Colorado Rockies,San Francisco Giants,3,Colorado Rockies,San Francisco Giants,4,3
2025-05-02,778087,1,Washington Nationals,Cincinnati Reds,6,Cincinnati Reds,Washington Nationals,6,1
2025-05-02,778090,9,San Diego Padres,Pittsburgh Pirates,4,San Diego Padres,Pittsburgh Pirates,9,4
2025-05-02,778086,2,Arizona Diamondbacks,Philadelphia Phillies,3,Philadelphia Phillies,Arizona Diamondbacks,3,2
2025-05-02,778093,0,Kansas City Royals,Baltimore Orioles,3,Baltimore Orioles,Kansas City Royals,3,0
2025-05-02,778088,0,Tampa Bay Rays,New York Yankees,3,New York Yankees,Tampa Bay Rays,3,0
2025-05-02,778081,3,Cleveland Guardians,Toronto Blue Jays,5,Toronto Blue Jays,Cleveland Guardians,5,3
2025-05-02,778089,1,Minnesota Twins,Boston Red Sox,6,Boston Red Sox,Minnesota Twins,6,1
2025-05-02,778091,6,Athletics,Miami Marlins,1,Athletics,Miami Marlins,6,1
2025-05-02,778092,2,Los Angeles Dodgers,Atlanta Braves,1,Los Angeles Dodgers,Atlanta Braves,2,1
2025-05-02,778079,3,Houston Astros,Chicago White Sox,7,Chicago White Sox,Houston Astros,7,3
2025-05-02,778083,13,Seattle Mariners,Texas Rangers,1,Seattle Mariners,Texas Rangers,13,1
2025-05-02,778080,10,Chicago Cubs,Milwaukee Brewers,0,Chicago Cubs,Milwaukee Brewers,10,0
2025-05-02,778084,9,New York Mets,St. Louis Cardinals,3,New York Mets,St. Louis Cardinals,9,3
2025-05-02,778085,9,Detroit Tigers,Los Angeles Angels,1,Detroit Tigers,Los Angeles Angels,9,1
2025-05-02,778082,0,Colorado Rockies,San Francisco Giants,4,San Francisco Giants,Colorado Rockies,4,0
2025-05-03,778074,3,Tampa Bay Rays,New York Yankees,2,Tampa Bay Rays,New York Yankees,3,2
2025-05-03,778066,8,Houston Astros,Chicago White Sox,3,Houston Astros,Chicago White Sox,8,3
2025-05-03,778064,5,Cleveland Guardians,Toronto Blue Jays,3,Cleveland Guardians,Toronto Blue Jays,5,3
2025-05-03,778065,2,San Diego Padres,Pittsburgh Pirates,1,San Diego Padres,Pittsburgh Pirates,2,1
2025-05-03,778069,3,Colorado Rockies,San Francisco Giants,6,San Francisco Giants,Colorado Rockies,6,3
2025-05-03,778073,4,Minnesota Twins,Boston Red Sox,3,Minnesota Twins,Boston Red Sox,4,3
2025-05-03,778075,6,Athletics,Miami Marlins,9,Miami Marlins,Athletics,9,6
2025-05-03,778078,2,Arizona Diamondbacks,Philadelphia Phillies,7,Philadelphia Phillies,Arizona Diamondbacks,7,2
2025-05-03,778077,11,Washington Nationals,Cincinnati Reds,6,Washington Nationals,Cincinnati Reds,11,6
2025-05-03,778070,2,Seattle Mariners,Texas Rangers,1,Seattle Mariners,Texas Rangers,2,1
2025-05-03,778071,6,Chicago Cubs,Milwaukee Brewers,2,Chicago Cubs,Milwaukee Brewers,6,2
2025-05-03,778072,4,Kansas City Royals,Baltimore Orioles,0,Kansas City Royals,Baltimore Orioles,4,0
2025-05-03,778076,10,Los Angeles Dodgers,Atlanta Braves,3,Los Angeles Dodgers,Atlanta Braves,10,3
2025-05-03,778067,2,Detroit Tigers,Los Angeles Angels,5,Los Angeles Angels,Detroit Tigers,5,2
2025-05-04,778053,5,New York Mets,St. Louis Cardinals,6,St. Louis Cardinals,New York Mets,6,5
2025-05-04,778068,4,New York Mets,St. Louis Cardinals,5,St. Louis Cardinals,New York Mets,5,4
2025-05-04,778062,11,Kansas City Royals,Baltimore Orioles,6,Kansas City Royals,Baltimore Orioles,11,6
2025-05-04,778051,4,San Diego Padres,Pittsburgh Pirates,0,San Diego Padres,Pittsburgh Pirates,4,0
2025-05-04,778063,5,Minnesota Twins,Boston Red Sox,4,Minnesota Twins,Boston Red Sox,5,4
2025-05-04,778057,7,Tampa Bay Rays,New York Yankees,5,Tampa Bay Rays,New York Yankees,7,5
2025-05-04,778056,5,Cleveland Guardians,Toronto Blue Jays,4,Cleveland Guardians,Toronto Blue Jays,5,4
2025-05-04,778061,3,Athletics,Miami Marlins,2,Athletics,Miami Marlins,3,2
2025-05-04,778059,11,Arizona Diamondbacks,Philadelphia Phillies,9,Arizona Diamondbacks,Philadelphia Phillies,11,9
2025-05-04,778054,0,Chicago Cubs,Milwaukee Brewers,4,Milwaukee Brewers,Chicago Cubs,4,0
2025-05-04,778052,1,Seattle Mariners,Texas Rangers,8,Texas Rangers,Seattle Mariners,8,1
2025-05-04,778048,3,Colorado Rockies,San Francisco Giants,9,San Francisco Giants,Colorado Rockies,9,3
2025-05-04,778050,13,Detroit Tigers,Los Angeles Angels,1,Detroit Tigers,Los Angeles Angels,13,1
2025-05-04,778058,4,Washington Nationals,Cincinnati Reds,1,Washington Nationals,Cincinnati Reds,4,1
2025-05-04,778060,3,Los Angeles Dodgers,Atlanta Braves,4,Atlanta Braves,Los Angeles Dodgers,4,3
2025-05-05,778047,7,Los Angeles Dodgers,Miami Marlins,4,Los Angeles Dodgers,Miami Marlins,7,4
2025-05-05,778045,4,San Diego Padres,New York Yankees,3,San Diego Padres,New York Yankees,4,3
2025-05-05,778049,0,Cincinnati Reds,Atlanta Braves,4,Atlanta Braves,Cincinnati Reds,4,0
2025-05-05,778044,2,San Francisco Giants,Chicago Cubs,9,Chicago Cubs,San Francisco Giants,9,2
2025-05-05,778043,0,Chicago White Sox,Kansas City Royals,3,Kansas City Royals,Chicago White Sox,3,0
2025-05-05,778042,1,Houston Astros,Milwaukee Brewers,5,Milwaukee Brewers,Houston Astros,5,1
2025-05-05,778036,3,Pittsburgh Pirates,St. Louis Cardinals,6,St. Louis Cardinals,Pittsburgh Pirates,6,3
2025-05-05,778039,5,New York Mets,Arizona Diamondbacks,4,New York Mets,Arizona Diamondbacks,5,4
2025-05-05,778038,6,Seattle Mariners,Athletics,7,Athletics,Seattle Mariners,7,6
2025-05-06,778026,9,Cleveland Guardians,Washington Nationals,10,Washington Nationals,Cleveland Guardians,10,9
2025-05-06,778046,9,Cleveland Guardians,Washington Nationals,1,Cleveland Guardians,Washington Nationals,9,1
2025-05-06,778035,4,Los Angeles Dodgers,Miami Marlins,5,Miami Marlins,Los Angeles Dodgers,5,4
2025-05-06,778037,6,Texas Rangers,Boston Red Sox,1,Texas Rangers,Boston Red Sox,6,1
2025-05-06,778040,8,Philadelphia Phillies,Tampa Bay Rays,4,Philadelphia Phillies,Tampa Bay Rays,8,4
2025-05-06,778041,3,San Diego Padres,New York Yankees,12,New York Yankees,San Diego Padres,12,3
2025-05-06,778034,1,Cincinnati Reds,Atlanta Braves,2,Atlanta Braves,Cincinnati Reds,2,1
2025-05-06,778027,14,San Francisco Giants,Chicago Cubs,5,San Francisco Giants,Chicago Cubs,14,5
2025-05-06,778028,1,Baltimore Orioles,Minnesota Twins,9,Minnesota Twins,Baltimore Orioles,9,1
2025-05-06,778033,3,Chicago White Sox,Kansas City Royals,4,Kansas City Royals,Chicago White Sox,4,3
2025-05-06,778031,3,Houston Astros,Milwaukee Brewers,4,Milwaukee Brewers,Houston Astros,4,3
2025-05-06,778030,1,Pittsburgh Pirates,St. Louis Cardinals,2,St. Louis Cardinals,Pittsburgh Pirates,2,1
2025-05-06,778025,3,Toronto Blue Jays,Los Angeles Angels,8,Los Angeles Angels,Toronto Blue Jays,8,3
2025-05-06,778032,1,New York Mets,Arizona Diamondbacks,5,Arizona Diamondbacks,New York Mets,5,1
2025-05-06,778024,5,Seattle Mariners,Athletics,3,Seattle Mariners,Athletics,5,3
2025-05-07,778022,8,Cleveland Guardians,Washington Nationals,6,Cleveland Guardians,Washington Nationals,8,6
2025-05-07,778015,9,Houston Astros,Milwaukee Brewers,1,Houston Astros,Milwaukee Brewers,9,1
2025-05-07,778016,0,Pittsburgh Pirates,St. Louis Cardinals,5,St. Louis Cardinals,Pittsburgh Pirates,5,0
2025-05-07,778020,3,San Francisco Giants,Chicago Cubs,1,San Francisco Giants,Chicago Cubs,3,1
2025-05-07,778010,6,Seattle Mariners,Athletics,5,Seattle Mariners,Athletics,6,5
2025-05-07,778014,7,New York Mets,Arizona Diamondbacks,1,New York Mets,Arizona Diamondbacks,7,1
2025-05-07,778017,10,Los Angeles Dodgers,Miami Marlins,1,Los Angeles Dodgers,Miami Marlins,10,1
2025-05-07,778018,4,Texas Rangers,Boston Red Sox,6,Boston Red Sox,Texas Rangers,6,4
2025-05-07,778021,7,Philadelphia Phillies,Tampa Bay Rays,0,Philadelphia Phillies,Tampa Bay Rays,7,0
2025-05-07,778019,3,San Diego Padres,New York Yankees,4,New York Yankees,San Diego Padres,4,3
2025-05-07,778023,4,Cincinnati Reds,Atlanta Braves,3,Cincinnati Reds,Atlanta Braves,4,3
2025-05-07,778011,2,Baltimore Orioles,Minnesota Twins,5,Minnesota Twins,Baltimore Orioles,5,2
2025-05-07,778012,1,Chicago White Sox,Kansas City Royals,2,Kansas City Royals,Chicago White Sox,2,1
2025-05-07,778013,8,Detroit Tigers,Colorado Rockies,6,Detroit Tigers,Colorado Rockies,8,6
2025-05-07,778009,4,Toronto Blue Jays,Los Angeles Angels,5,Los Angeles Angels,Toronto Blue Jays,5,4
2025-05-08,778007,2,Baltimore Orioles,Minnesota Twins,5,Minnesota Twins,Baltimore Orioles,5,2
2025-05-08,778006,0,Texas Rangers,Boston Red Sox,5,Boston Red Sox,Texas Rangers,5,0
2025-05-08,778008,0,Chicago White Sox,Kansas City Royals,10,Kansas City Royals,Chicago White Sox,10,0
2025-05-08,778004,10,Detroit Tigers,Colorado Rockies,2,Detroit Tigers,Colorado Rockies,10,2
2025-05-08,778029,11,Detroit Tigers,Colorado Rockies,1,Detroit Tigers,Colorado Rockies,11,1
2025-05-08,778005,7,Philadelphia Phillies,Tampa Bay Rays,6,Philadelphia Phillies,Tampa Bay Rays,7,6
2025-05-08,778003,4,Cincinnati Reds,Atlanta Braves,5,Atlanta Braves,Cincinnati Reds,5,4
2025-05-08,778000,8,Toronto Blue Jays,Los Angeles Angels,5,Toronto Blue Jays,Los Angeles Angels,8,5
2025-05-08,777999,3,Los Angeles Dodgers,Arizona Diamondbacks,5,Arizona Diamondbacks,Los Angeles Dodgers,5,3
2025-05-09,777996,1,Texas Rangers,Detroit Tigers,2,Detroit Tigers,Texas Rangers,2,1
2025-05-09,777998,2,Atlanta Braves,Pittsburgh Pirates,3,Pittsburgh Pirates,Atlanta Braves,3,2
2025-05-09,777995,10,St. Louis Cardinals,Washington Nationals,0,St. Louis Cardinals,Washington Nationals,10,0
2025-05-09,778002,3,Milwaukee Brewers,Tampa Bay Rays,4,Tampa Bay Rays,Milwaukee Brewers,4,3
2025-05-09,778001,2,Chicago Cubs,New York Mets,7,New York Mets,Chicago Cubs,7,2
2025-05-09,777997,0,Philadelphia Phillies,Cleveland Guardians,6,Cleveland Guardians,Philadelphia Phillies,6,0
2025-05-09,777990,1,Boston Red Sox,Kansas City Royals,2,Kansas City Royals,Boston Red Sox,2,1
2025-05-09,777991,2,Miami Marlins,Chicago White Sox,6,Chicago White Sox,Miami Marlins,6,2
2025-05-09,777989,0,Cincinnati Reds,Houston Astros,3,Houston Astros,Cincinnati Reds,3,0
2025-05-09,777992,1,San Francisco Giants,Minnesota Twins,3,Minnesota Twins,San Francisco Giants,3,1
2025-05-09,777993,13,San Diego Padres,Colorado Rockies,9,San Diego Padres,Colorado Rockies,13,9
2025-05-09,777986,4,Baltimore Orioles,Los Angeles Angels,1,Baltimore Orioles,Los Angeles Angels,4,1
2025-05-09,777988,14,Los Angeles Dodgers,Arizona Diamondbacks,11,Los Angeles Dodgers,Arizona Diamondbacks,14,11
2025-05-09,777984,6,Toronto Blue Jays,Seattle Mariners,3,Toronto Blue Jays,Seattle Mariners,6,3
2025-05-09,777994,10,New York Yankees,Athletics,2,New York Yankees,Athletics,10,2
2025-05-10,777980,4,St. Louis Cardinals,Washington Nationals,2,St. Louis Cardinals,Washington Nationals,4,2
2025-05-10,777985,3,Atlanta Braves,Pittsburgh Pirates,2,Atlanta Braves,Pittsburgh Pirates,3,2
2025-05-10,777972,7,New York Yankees,Athletics,11,Athletics,New York Yankees,11,7
2025-05-10,777981,2,Milwaukee Brewers,Tampa Bay Rays,3,Tampa Bay Rays,Milwaukee Brewers,3,2
2025-05-10,777987,10,Texas Rangers,Detroit Tigers,3,Texas Rangers,Detroit Tigers,10,3
2025-05-10,777983,7,Philadelphia Phillies,Cleveland Guardians,1,Philadelphia Phillies,Cleveland Guardians,7,1
2025-05-10,777979,13,Cincinnati Reds,Houston Astros,9,Cincinnati Reds,Houston Astros,13,9
2025-05-10,777977,10,Boston Red Sox,Kansas City Royals,1,Boston Red Sox,Kansas City Royals,10,1
2025-05-10,777978,3,Miami Marlins,Chicago White Sox,1,Miami Marlins,Chicago White Sox,3,1
2025-05-10,777982,6,Chicago Cubs,New York Mets,5,Chicago Cubs,New York Mets,6,5
2025-05-10,777974,1,San Francisco Giants,Minnesota Twins,2,Minnesota Twins,San Francisco Giants,2,1
2025-05-10,777975,0,Los Angeles Dodgers,Arizona Diamondbacks,3,Arizona Diamondbacks,Los Angeles Dodgers,3,0
2025-05-10,777976,21,San Diego Padres,Colorado Rockies,0,San Diego Padres,Colorado Rockies,21,0
2025-05-10,777973,2,Baltimore Orioles,Los Angeles Angels,5,Los Angeles Angels,Baltimore Orioles,5,2
2025-05-10,777970,6,Toronto Blue Jays,Seattle Mariners,3,Toronto Blue Jays,Seattle Mariners,6,3
2025-05-11,777968,2,Chicago Cubs,New York Mets,6,New York Mets,Chicago Cubs,6,2
2025-05-11,777962,6,St. Louis Cardinals,Washington Nationals,1,St. Louis Cardinals,Washington Nationals,6,1
2025-05-11,777967,3,Atlanta Braves,Pittsburgh Pirates,4,Pittsburgh Pirates,Atlanta Braves,4,3
2025-05-11,777969,6,Texas Rangers,Detroit Tigers,1,Texas Rangers,Detroit Tigers,6,1
2025-05-11,777964,4,Milwaukee Brewers,Tampa Bay Rays,2,Milwaukee Brewers,Tampa Bay Rays,4,2
2025-05-11,777963,0,Cincinnati Reds,Houston Astros,6,Houston Astros,Cincinnati Reds,6,0
2025-05-11,777965,3,Boston Red Sox,Kansas City Royals,1,Boston Red Sox,Kansas City Royals,3,1
2025-05-11,777956,6,San Francisco Giants,Minnesota Twins,7,Minnesota Twins,San Francisco Giants,7,6
2025-05-11,777966,2,Miami Marlins,Chicago White Sox,4,Chicago White Sox,Miami Marlins,4,2
2025-05-11,777955,3,San Diego Padres,Colorado Rockies,9,Colorado Rockies,San Diego Padres,9,3
2025-05-11,777957,12,New York Yankees,Athletics,2,New York Yankees,Athletics,12,2
2025-05-11,777961,7,Baltimore Orioles,Los Angeles Angels,3,Baltimore Orioles,Los Angeles Angels,7,3
2025-05-11,777954,8,Los Angeles Dodgers,Arizona Diamondbacks,1,Los Angeles Dodgers,Arizona Diamondbacks,8,1
2025-05-11,777958,9,Toronto Blue Jays,Seattle Mariners,1,Toronto Blue Jays,Seattle Mariners,9,1
2025-05-11,777971,3,Philadelphia Phillies,Cleveland Guardians,0,Philadelphia Phillies,Cleveland Guardians,3,0
2025-05-12,777960,0,Milwaukee Brewers,Cleveland Guardians,5,Cleveland Guardians,Milwaukee Brewers,5,0
2025-05-12,777951,2,Boston Red Sox,Detroit Tigers,14,Detroit Tigers,Boston Red Sox,14,2
2025-05-12,777953,3,St. Louis Cardinals,Philadelphia Phillies,2,St. Louis Cardinals,Philadelphia Phillies,3,2
2025-05-12,777950,3,Pittsburgh Pirates,New York Mets,4,New York Mets,Pittsburgh Pirates,4,3
2025-05-12,777959,3,Washington Nationals,Atlanta Braves,4,Atlanta Braves,Washington Nationals,4,3
2025-05-12,777952,2,Miami Marlins,Chicago Cubs,5,Chicago Cubs,Miami Marlins,5,2
2025-05-12,777949,1,Colorado Rockies,Texas Rangers,2,Texas Rangers,Colorado Rockies,2,1
2025-05-12,777948,7,Kansas City Royals,Houston Astros,5,Kansas City Royals,Houston Astros,7,5
2025-05-12,777947,9,Los Angeles Angels,San Diego Padres,5,Los Angeles Angels,San Diego Padres,9,5
2025-05-12,777941,11,New York Yankees,Seattle Mariners,5,New York Yankees,Seattle Mariners,11,5
2025-05-12,777939,2,Arizona Diamondbacks,San Francisco Giants,1,Arizona Diamondbacks,San Francisco Giants,2,1
2025-05-13,777944,0,Milwaukee Brewers,Cleveland Guardians,2,Cleveland Guardians,Milwaukee Brewers,2,0
2025-05-13,777940,9,Boston Red Sox,Detroit Tigers,10,Detroit Tigers,Boston Red Sox,10,9
2025-05-13,777945,5,Chicago White Sox,Cincinnati Reds,1,Chicago White Sox,Cincinnati Reds,5,1
2025-05-13,777935,11,Tampa Bay Rays,Toronto Blue Jays,9,Tampa Bay Rays,Toronto Blue Jays,11,9
2025-05-13,777943,1,Pittsburgh Pirates,New York Mets,2,New York Mets,Pittsburgh Pirates,2,1
2025-05-13,777942,2,Washington Nationals,Atlanta Braves,5,Atlanta Braves,Washington Nationals,5,2
2025-05-13,777936,4,Miami Marlins,Chicago Cubs,5,Chicago Cubs,Miami Marlins,5,4
2025-05-13,777934,1,Colorado Rockies,Texas Rangers,4,Texas Rangers,Colorado Rockies,4,1
2025-05-13,777931,1,Kansas City Royals,Houston Astros,2,Houston Astros,Kansas City Royals,2,1
2025-05-13,777932,4,Los Angeles Angels,San Diego Padres,6,San Diego Padres,Los Angeles Angels,6,4
2025-05-13,777926,1,New York Yankees,Seattle Mariners,2,Seattle Mariners,New York Yankees,2,1
2025-05-13,777930,6,Arizona Diamondbacks,San Francisco Giants,10,San Francisco Giants,Arizona Diamondbacks,10,6
2025-05-13,777937,11,Athletics,Los Angeles Dodgers,1,Athletics,Los Angeles Dodgers,11,1
2025-05-14,777924,6,Minnesota Twins,Baltimore Orioles,3,Minnesota Twins,Baltimore Orioles,6,3
2025-05-14,777938,8,Minnesota Twins,Baltimore Orioles,6,Minnesota Twins,Baltimore Orioles,8,6
2025-05-14,777922,1,St. Louis Cardinals,Philadelphia Phillies,2,Philadelphia Phillies,St. Louis Cardinals,2,1
2025-05-14,777933,14,St. Louis Cardinals,Philadelphia Phillies,7,St. Louis Cardinals,Philadelphia Phillies,14,7
2025-05-14,777925,9,Milwaukee Brewers,Cleveland Guardians,5,Milwaukee Brewers,Cleveland Guardians,9,5
2025-05-14,777916,8,Arizona Diamondbacks,San Francisco Giants,7,Arizona Diamondbacks,San Francisco Giants,8,7
2025-05-14,777915,3,New York Yankees,Seattle Mariners,2,New York Yankees,Seattle Mariners,3,2
2025-05-14,777927,5,Boston Red Sox,Detroit Tigers,6,Detroit Tigers,Boston Red Sox,6,5
2025-05-14,777923,1,Tampa Bay Rays,Toronto Blue Jays,3,Toronto Blue Jays,Tampa Bay Rays,3,1
2025-05-14,777919,4,Pittsburgh Pirates,New York Mets,0,Pittsburgh Pirates,New York Mets,4,0
2025-05-14,777928,4,Chicago White Sox,Cincinnati Reds,2,Chicago White Sox,Cincinnati Reds,4,2
2025-05-14,777929,5,Washington Nationals,Atlanta Braves,4,Washington Nationals,Atlanta Braves,5,4
2025-05-14,777921,3,Miami Marlins,Chicago Cubs,1,Miami Marlins,Chicago Cubs,3,1
2025-05-14,777918,3,Colorado Rockies,Texas Rangers,8,Texas Rangers,Colorado Rockies,8,3
2025-05-14,777920,3,Kansas City Royals,Houston Astros,4,Houston Astros,Kansas City Royals,4,3
2025-05-14,777914,1,Los Angeles Angels,San Diego Padres,5,San Diego Padres,Los Angeles Angels,5,1
2025-05-14,777917,3,Athletics,Los Angeles Dodgers,9,Los Angeles Dodgers,Athletics,9,3
2025-05-15,777909,2,Washington Nationals,Atlanta Braves,5,Atlanta Braves,Washington Nationals,5,2
2025-05-15,777911,4,Minnesota Twins,Baltimore Orioles,0,Minnesota Twins,Baltimore Orioles,4,0
2025-05-15,777912,1,Chicago White Sox,Cincinnati Reds,7,Cincinnati Reds,Chicago White Sox,7,1
2025-05-15,777913,8,Tampa Bay Rays,Toronto Blue Jays,3,Tampa Bay Rays,Toronto Blue Jays,8,3
2025-05-15,777910,0,Houston Astros,Texas Rangers,1,Texas Rangers,Houston Astros,1,0
2025-05-15,777946,2,Athletics,Los Angeles Dodgers,19,Los Angeles Dodgers,Athletics,19,2
2025-05-16,777900,3,Chicago White Sox,Chicago Cubs,13,Chicago Cubs,Chicago White Sox,13,3
2025-05-16,777902,4,Cleveland Guardians,Cincinnati Reds,5,Cincinnati Reds,Cleveland Guardians,5,4
2025-05-16,777905,4,Pittsburgh Pirates,Philadelphia Phillies,8,Philadelphia Phillies,Pittsburgh Pirates,8,4
2025-05-16,777907,4,Washington Nationals,Baltimore Orioles,3,Washington Nationals,Baltimore Orioles,4,3
2025-05-16,777904,2,New York Mets,New York Yankees,6,New York Yankees,New York Mets,6,2
2025-05-16,777906,5,Detroit Tigers,Toronto Blue Jays,4,Detroit Tigers,Toronto Blue Jays,5,4
2025-05-16,777908,4,Atlanta Braves,Boston Red Sox,2,Atlanta Braves,Boston Red Sox,4,2
2025-05-16,777903,4,Tampa Bay Rays,Miami Marlins,9,Miami Marlins,Tampa Bay Rays,9,4
2025-05-16,777901,10,St. Louis Cardinals,Kansas City Royals,3,St. Louis Cardinals,Kansas City Royals,10,3
2025-05-16,777895,6,Houston Astros,Texas Rangers,3,Houston Astros,Texas Rangers,6,3
2025-05-16,777898,3,Minnesota Twins,Milwaukee Brewers,0,Minnesota Twins,Milwaukee Brewers,3,0
2025-05-16,777897,0,Colorado Rockies,Arizona Diamondbacks,8,Arizona Diamondbacks,Colorado Rockies,8,0
2025-05-16,777896,5,Seattle Mariners,San Diego Padres,1,Seattle Mariners,San Diego Padres,5,1
2025-05-16,777899,6,Los Angeles Angels,Los Angeles Dodgers,2,Los Angeles Angels,Los Angeles Dodgers,6,2
2025-05-16,777891,1,Athletics,San Francisco Giants,9,San Francisco Giants,Athletics,9,1
2025-05-17,777888,3,New York Mets,New York Yankees,2,New York Mets,New York Yankees,3,2
2025-05-17,777881,3,Chicago White Sox,Chicago Cubs,7,Chicago Cubs,Chicago White Sox,7,3
2025-05-17,777886,1,Detroit Tigers,Toronto Blue Jays,2,Toronto Blue Jays,Detroit Tigers,2,1
2025-05-17,777890,10,Washington Nationals,Baltimore Orioles,6,Washington Nationals,Baltimore Orioles,10,6
2025-05-17,777889,4,Tampa Bay Rays,Miami Marlins,0,Tampa Bay Rays,Miami Marlins,4,0
2025-05-17,777894,2,Pittsburgh Pirates,Philadelphia Phillies,5,Philadelphia Phillies,Pittsburgh Pirates,5,2
2025-05-17,777892,1,Cleveland Guardians,Cincinnati Reds,4,Cincinnati Reds,Cleveland Guardians,4,1
2025-05-17,777882,1,Houston Astros,Texas Rangers,5,Texas Rangers,Houston Astros,5,1
2025-05-17,777885,1,St. Louis Cardinals,Kansas City Royals,0,St. Louis Cardinals,Kansas City Royals,1,0
2025-05-17,777893,6,Atlanta Braves,Boston Red Sox,7,Boston Red Sox,Atlanta Braves,7,6
2025-05-17,777883,7,Minnesota Twins,Milwaukee Brewers,0,Minnesota Twins,Milwaukee Brewers,7,0
2025-05-17,777887,14,Colorado Rockies,Arizona Diamondbacks,12,Colorado Rockies,Arizona Diamondbacks,14,12
2025-05-17,777875,4,Seattle Mariners,San Diego Padres,1,Seattle Mariners,San Diego Padres,4,1
2025-05-17,777879,0,Athletics,San Francisco Giants,1,San Francisco Giants,Athletics,1,0
2025-05-17,777884,11,Los Angeles Angels,Los Angeles Dodgers,9,Los Angeles Angels,Los Angeles Dodgers,11,9
2025-05-18,777869,4,Houston Astros,Texas Rangers,3,Houston Astros,Texas Rangers,4,3
2025-05-18,777873,10,Washington Nationals,Baltimore Orioles,4,Washington Nationals,Baltimore Orioles,10,4
2025-05-18,777880,0,Pittsburgh Pirates,Philadelphia Phillies,1,Philadelphia Phillies,Pittsburgh Pirates,1,0
2025-05-18,777876,10,Atlanta Braves,Boston Red Sox,4,Atlanta Braves,Boston Red Sox,10,4
2025-05-18,777871,3,Detroit Tigers,Toronto Blue Jays,2,Detroit Tigers,Toronto Blue Jays,3,2
2025-05-18,777874,1,Cleveland Guardians,Cincinnati Reds,3,Cincinnati Reds,Cleveland Guardians,3,1
2025-05-18,777877,1,Tampa Bay Rays,Miami Marlins,5,Miami Marlins,Tampa Bay Rays,5,1
2025-05-18,777864,1,St. Louis Cardinals,Kansas City Royals,2,Kansas City Royals,St. Louis Cardinals,2,1
2025-05-18,777865,2,Minnesota Twins,Milwaukee Brewers,5,Milwaukee Brewers,Minnesota Twins,5,2
2025-05-18,777872,2,Chicago White Sox,Chicago Cubs,6,Chicago Cubs,Chicago White Sox,6,2
2025-05-18,777867,2,Athletics,San Francisco Giants,3,San Francisco Giants,Athletics,3,2
2025-05-18,777870,0,Colorado Rockies,Arizona Diamondbacks,1,Arizona Diamondbacks,Colorado Rockies,1,0
2025-05-18,777866,6,Los Angeles Angels,Los Angeles Dodgers,4,Los Angeles Angels,Los Angeles Dodgers,6,4
2025-05-18,777868,6,Seattle Mariners,San Diego Padres,1,Seattle Mariners,San Diego Padres,6,1
2025-05-18,777878,2,New York Mets,New York Yankees,8,New York Yankees,New York Mets,8,2
2025-05-19,777859,7,Cincinnati Reds,Pittsburgh Pirates,1,Cincinnati Reds,Pittsburgh Pirates,7,1
2025-05-19,777863,7,Chicago Cubs,Miami Marlins,8,Miami Marlins,Chicago Cubs,8,7
2025-05-19,777856,1,New York Mets,Boston Red Sox,3,Boston Red Sox,New York Mets,3,1
2025-05-19,777858,4,Houston Astros,Tampa Bay Rays,3,Houston Astros,Tampa Bay Rays,4,3
2025-05-19,777861,5,Cleveland Guardians,Minnesota Twins,6,Minnesota Twins,Cleveland Guardians,6,5
2025-05-19,777857,5,Seattle Mariners,Chicago White Sox,1,Seattle Mariners,Chicago White Sox,5,1
2025-05-19,777860,4,Baltimore Orioles,Milwaukee Brewers,5,Milwaukee Brewers,Baltimore Orioles,5,4
2025-05-19,777862,4,Detroit Tigers,St. Louis Cardinals,11,St. Louis Cardinals,Detroit Tigers,11,4
2025-05-19,777852,9,Philadelphia Phillies,Colorado Rockies,3,Philadelphia Phillies,Colorado Rockies,9,3
2025-05-19,777855,3,Kansas City Royals,San Francisco Giants,1,Kansas City Royals,San Francisco Giants,3,1
2025-05-19,777853,4,Los Angeles Angels,Athletics,3,Los Angeles Angels,Athletics,4,3
2025-05-19,777854,9,Arizona Diamondbacks,Los Angeles Dodgers,5,Arizona Diamondbacks,Los Angeles Dodgers,9,5
2025-05-20,777847,0,Cincinnati Reds,Pittsburgh Pirates,1,Pittsburgh Pirates,Cincinnati Reds,1,0
2025-05-20,777850,14,Chicago Cubs,Miami Marlins,1,Chicago Cubs,Miami Marlins,14,1
2025-05-20,777851,0,New York Mets,Boston Red Sox,2,Boston Red Sox,New York Mets,2,0
2025-05-20,777841,3,Atlanta Braves,Washington Nationals,5,Washington Nationals,Atlanta Braves,5,3
2025-05-20,777848,2,Houston Astros,Tampa Bay Rays,3,Tampa Bay Rays,Houston Astros,3,2
2025-05-20,777849,2,Texas Rangers,New York Yankees,5,New York Yankees,Texas Rangers,5,2
2025-05-20,777845,0,San Diego Padres,Toronto Blue Jays,3,Toronto Blue Jays,San Diego Padres,3,0
2025-05-20,777846,0,Seattle Mariners,Chicago White Sox,1,Chicago White Sox,Seattle Mariners,1,0
2025-05-20,777844,2,Baltimore Orioles,Milwaukee Brewers,5,Milwaukee Brewers,Baltimore Orioles,5,2
2025-05-20,777840,5,Detroit Tigers,St. Louis Cardinals,4,Detroit Tigers,St. Louis Cardinals,5,4
2025-05-20,777842,7,Philadelphia Phillies,Colorado Rockies,4,Philadelphia Phillies,Colorado Rockies,7,4
2025-05-20,777836,2,Kansas City Royals,San Francisco Giants,3,San Francisco Giants,Kansas City Royals,3,2
2025-05-20,777843,7,Los Angeles Angels,Athletics,5,Los Angeles Angels,Athletics,7,5
2025-05-20,777838,3,Arizona Diamondbacks,Los Angeles Dodgers,4,Los Angeles Dodgers,Arizona Diamondbacks,4,3
2025-05-21,777834,1,Cincinnati Reds,Pittsburgh Pirates,3,Pittsburgh Pirates,Cincinnati Reds,3,1
2025-05-21,777832,4,Houston Astros,Tampa Bay Rays,8,Tampa Bay Rays,Houston Astros,8,4
2025-05-21,777861,5,Cleveland Guardians,Minnesota Twins,6,Minnesota Twins,Cleveland Guardians,6,5
2025-05-21,777833,2,Chicago Cubs,Miami Marlins,1,Chicago Cubs,Miami Marlins,2,1
2025-05-21,777826,8,Baltimore Orioles,Milwaukee Brewers,4,Baltimore Orioles,Milwaukee Brewers,8,4
2025-05-21,777827,5,Detroit Tigers,St. Louis Cardinals,1,Detroit Tigers,St. Louis Cardinals,5,1
2025-05-21,777830,6,Seattle Mariners,Chicago White Sox,5,Seattle Mariners,Chicago White Sox,6,5
2025-05-21,777819,8,Kansas City Royals,San Francisco Giants,4,Kansas City Royals,San Francisco Giants,8,4
2025-05-21,777829,5,Cleveland Guardians,Minnesota Twins,1,Cleveland Guardians,Minnesota Twins,5,1
2025-05-21,777831,5,New York Mets,Boston Red Sox,1,New York Mets,Boston Red Sox,5,1
2025-05-21,777835,3,Texas Rangers,New York Yankees,4,New York Yankees,Texas Rangers,4,3
2025-05-21,777837,0,San Diego Padres,Toronto Blue Jays,14,Toronto Blue Jays,San Diego Padres,14,0
2025-05-21,777823,9,Philadelphia Phillies,Colorado Rockies,5,Philadelphia Phillies,Colorado Rockies,9,5
2025-05-21,777828,10,Los Angeles Angels,Athletics,5,Los Angeles Angels,Athletics,10,5
2025-05-21,777824,1,Arizona Diamondbacks,Los Angeles Dodgers,3,Los Angeles Dodgers,Arizona Diamondbacks,3,1
